timestamp,cpu_percent,memory_percent,process_count,network_connections,established_connections,disk_read_mb,disk_write_mb,unique_process_names
2026-08-30T11:46:19.337752,5.0,36.8,330,81,9,0,0,274
2026-08-30T11:46:23.367266,6.0,36.7,330,79,9,0.109,0.191,274
2026-08-30T11:46:27.386066,5.1,36.3,330,80,9,0.461,0.504,274
2026-08-30T11:46:31.411266,4.7,36.3,330,82,9,0.0,0.852,274
2026-08-30T11:46:35.436853,6.3,36.2,330,80,9,0.0,0.121,274
2026-08-30T11:46:39.464035,4.9,36.2,330,80,8,0.02,0.914,274
2026-08-30T11:46:43.493291,4.6,36.2,330,81,8,0.0,1.113,274
2026-08-30T11:46:47.511252,5.2,36.3,330,80,8,0.129,0.344,274
2026-08-30T11:46:51.526771,4.6,36.3,330,81,8,0.0,0.574,274
2026-08-30T11:46:55.553707,3.8,36.3,331,82,8,0.0,0.254,275
2026-08-30T11:46:59.582685,6.3,36.3,331,80,8,0.0,2.004,275
2026-08-30T11:47:03.608154,4.0,36.3,330,82,8,0.027,0.133,274
2026-08-30T11:47:07.633399,4.5,36.3,330,80,8,0.0,0.047,274
2026-08-30T11:47:11.653450,5.3,36.3,331,80,8,0.012,0.121,275
2026-08-30T11:47:15.681941,4.3,36.3,331,81,8,0.0,1.547,275
2026-08-30T11:47:19.702287,4.8,36.3,331,79,8,0.0,0.824,275
2026-08-30T11:47:23.721381,4.1,36.3,331,79,8,0.0,0.113,275
2026-08-30T11:47:27.747709,4.1,36.3,331,81,8,0.0,0.047,275
2026-08-30T11:47:31.778872,6.3,36.3,331,79,8,0.035,0.711,275
2026-08-30T11:47:35.813268,4.5,36.3,331,79,8,0.0,0.109,275
2026-08-30T11:47:39.842028,5.3,36.3,331,80,8,0.012,0.316,275
2026-08-30T11:47:43.872549,4.4,36.3,331,78,8,0.0,1.102,275
2026-08-30T11:47:47.904414,4.8,36.4,331,78,8,0.0,0.0,275
2026-08-30T11:47:51.931465,4.6,36.3,331,78,8,0.0,0.148,275
2026-08-30T11:47:55.957759,4.3,36.3,331,77,8,0.0,0.328,275
2026-08-30T11:47:59.983849,5.5,36.3,331,80,8,0.0,2.578,275
2026-08-30T11:48:04.010307,4.4,36.4,331,77,8,0.059,0.199,275
2026-08-30T11:48:08.034003,11.8,37.1,331,77,8,0.0,0.027,275
2026-08-30T11:48:12.058370,4.2,36.8,331,79,8,0.004,0.566,275
2026-08-30T11:48:16.077467,4.2,36.8,331,77,8,0.0,1.176,275
2026-08-30T11:48:20.105606,5.6,36.9,331,77,8,0.0,0.176,275
2026-08-30T11:48:24.130290,5.1,36.9,331,78,8,0.0,0.031,275
2026-08-30T11:48:28.155124,3.5,36.9,331,76,8,0.0,0.148,275
2026-08-30T11:48:32.184812,3.8,36.8,331,76,8,0.0,2.242,275
2026-08-30T11:48:36.210974,4.1,36.8,331,79,8,0.0,0.168,275
2026-08-30T11:48:40.236891,5.0,36.9,331,77,8,0.0,0.004,275
2026-08-30T11:48:44.264830,4.1,36.9,331,77,8,0.0,0.113,275
2026-08-30T11:48:48.289792,4.5,36.9,331,80,9,0.0,3.648,275
2026-08-30T11:48:52.315435,4.8,36.9,331,78,9,0.0,0.465,275
2026-08-30T11:48:56.343589,4.2,36.9,331,79,9,0.0,0.031,275
2026-08-30T11:49:00.368484,5.1,36.9,331,75,7,0.0,0.469,275
2026-08-30T11:49:04.393416,4.1,36.9,331,76,7,0.0,0.098,275
2026-08-30T11:49:08.419561,4.8,36.9,331,78,7,0.0,0.242,275
2026-08-30T11:49:12.443622,4.8,36.9,331,76,7,0.0,0.0,275
2026-08-30T11:49:16.469454,4.7,36.9,331,77,7,0.0,0.793,275
2026-08-30T11:49:20.495477,4.4,36.9,331,79,7,0.0,0.117,275
2026-08-30T11:49:24.522387,3.6,36.9,331,77,7,0.008,0.215,275
2026-08-30T11:49:28.548343,4.3,36.9,331,79,7,0.0,0.035,275
2026-08-30T11:49:32.573419,5.9,37.0,331,81,7,0.035,0.633,275
2026-08-30T11:49:36.600226,4.7,37.0,331,78,7,0.0,0.039,275
2026-08-30T11:49:40.619686,3.9,37.0,330,79,7,0.012,0.164,274
2026-08-30T11:49:44.645995,4.6,37.0,330,80,7,0.0,0.258,274
2026-08-30T11:49:48.673954,4.2,37.0,330,79,7,0.0,0.895,274
2026-08-30T11:49:52.699432,4.4,37.0,330,81,7,0.0,0.375,274
2026-08-30T11:49:56.729901,3.8,37.0,330,79,7,0.0,0.039,274
2026-08-30T11:50:00.754189,4.7,37.1,333,80,7,0.035,1.238,277
2026-08-30T11:50:04.783761,6.4,37.0,337,80,7,0.0,1.062,278
2026-08-30T11:50:08.812416,12.6,37.4,335,78,7,0.0,0.648,276
2026-08-30T11:50:12.854826,6.1,37.0,336,79,7,0.0,0.004,277
2026-08-30T11:50:16.884457,9.4,37.2,336,88,7,0.766,2.719,277
2026-08-30T11:50:20.907794,19.4,37.5,337,82,8,0.293,0.828,278
2026-08-30T11:50:24.934020,5.8,37.5,337,82,8,0.176,0.219,278
2026-08-30T11:50:28.964865,7.3,37.6,339,83,8,0.156,2.945,280
2026-08-30T11:50:32.993280,6.9,37.5,337,81,8,0.0,2.543,278
2026-08-30T11:50:37.012183,14.2,38.1,337,80,8,0.008,0.242,278
2026-08-30T11:50:41.038237,4.2,37.8,337,79,8,0.016,0.191,278
2026-08-30T11:50:45.064197,5.5,37.7,337,80,8,0.0,0.434,278
2026-08-30T11:50:49.090392,5.0,37.7,337,79,8,0.0,1.43,278
2026-08-30T11:50:53.109792,4.3,37.7,337,79,8,0.0,0.586,278
2026-08-30T11:50:57.136442,4.4,37.6,337,79,8,0.0,0.039,278
2026-08-30T11:51:01.161699,4.9,37.6,337,81,8,0.0,0.121,278
2026-08-30T11:51:05.194938,4.3,37.5,334,79,8,0.0,0.703,278
2026-08-30T11:51:09.220823,4.9,37.5,334,80,8,0.0,0.289,278
2026-08-30T11:51:13.247794,4.6,37.5,334,81,8,0.0,0.0,278
2026-08-30T11:51:17.268297,3.5,37.5,334,80,8,0.0,0.102,278
2026-08-30T11:51:21.294514,4.6,37.6,334,81,8,0.055,0.895,278
2026-08-30T11:51:25.321068,4.8,37.6,334,80,8,0.0,0.832,278
2026-08-30T11:51:29.339751,5.8,37.6,334,79,8,0.016,0.172,278
2026-08-30T11:51:33.377846,4.8,37.7,334,80,8,0.004,0.0,278
2026-08-30T11:51:37.403868,4.4,37.8,335,78,7,0.039,3.07,279
2026-08-30T11:51:41.429866,4.9,37.7,335,79,8,0.0,0.738,279
2026-08-30T11:51:45.454674,4.2,37.7,335,80,8,0.0,0.297,279
2026-08-30T11:51:49.479253,5.0,37.7,335,78,8,0.0,4.297,279
2026-08-30T11:51:53.499005,3.9,37.7,335,79,9,0.0,0.301,279
2026-08-30T11:51:57.519052,4.4,37.7,335,80,8,0.0,0.289,279
2026-08-30T11:52:01.544655,4.4,37.7,334,77,8,0.0,0.098,278
2026-08-30T11:52:05.564314,3.8,37.7,334,79,8,0.0,0.363,278
2026-08-30T11:52:09.595575,5.1,37.7,334,80,8,0.0,0.164,278
2026-08-30T11:52:13.626073,4.8,37.6,334,80,8,0.0,0.0,278
2026-08-30T11:52:17.654136,3.8,37.6,334,79,8,0.016,0.102,278
2026-08-30T11:52:21.676598,5.1,37.6,335,79,8,0.121,0.52,279
2026-08-30T11:52:25.706711,4.6,37.6,335,80,8,0.0,0.109,279
2026-08-30T11:52:29.730885,4.5,37.6,335,82,8,0.0,0.047,279
2026-08-30T11:52:33.760424,3.7,37.7,335,80,8,0.0,0.285,279
2026-08-30T11:52:37.785351,5.2,37.7,335,81,8,0.004,2.926,279
2026-08-30T11:52:41.812175,5.0,37.7,335,82,8,0.0,0.094,279
2026-08-30T11:52:45.831796,4.8,37.7,335,82,8,0.0,0.0,279
2026-08-30T11:52:49.857389,5.8,37.6,335,82,8,0.094,0.242,279
2026-08-30T11:52:53.880758,4.1,37.6,335,84,8,0.0,1.375,279
2026-08-30T11:52:57.912050,5.4,37.6,335,81,8,0.016,0.102,279
2026-08-30T11:53:01.943206,4.6,37.6,335,82,8,0.0,0.0,279
2026-08-30T11:53:05.962647,4.0,37.6,335,83,8,0.0,0.672,279
2026-08-30T11:53:09.982000,4.4,37.5,335,79,7,0.031,2.684,279
2026-08-30T11:53:14.006337,6.3,37.6,335,78,7,0.078,0.188,279
2026-08-30T11:53:18.024140,5.5,37.5,335,76,7,0.0,0.113,279
2026-08-30T11:53:22.045803,4.2,37.4,335,78,8,0.0,0.734,279
2026-08-30T11:53:26.075184,4.4,37.4,335,78,8,0.0,0.398,279
2026-08-30T11:53:30.103716,6.9,37.4,335,77,8,0.0,0.0,279
2026-08-30T11:53:34.135874,7.2,37.4,335,78,8,0.0,0.555,279
2026-08-30T11:53:38.164803,4.3,37.5,335,79,8,0.0,1.207,279
2026-08-30T11:53:42.183782,4.2,37.5,335,79,8,0.0,0.141,279
2026-08-30T11:53:46.207295,4.1,37.5,337,79,8,0.0,1.684,281
2026-08-30T11:53:50.237876,4.9,37.5,335,79,8,0.0,0.0,279
2026-08-30T12:00:48.046017,4.8,38.8,346,89,7,0,0,284
2026-08-30T12:00:52.075193,6.9,38.8,346,86,7,0.0,1.121,284
2026-08-30T12:00:56.096958,9.2,39.5,346,89,7,0.023,0.258,284
2026-08-30T12:01:00.120436,11.5,39.2,346,90,8,1.305,0.332,284
2026-08-30T12:01:04.152246,7.0,39.5,346,86,8,0.0,2.457,284
2026-08-30T12:01:08.175657,9.0,39.3,344,84,8,0.191,0.23,284
2026-08-30T12:01:12.200429,6.8,39.3,341,84,8,0.0,0.344,284
2026-08-30T12:01:16.217519,10.1,39.4,341,82,8,0.004,0.164,284
2026-08-30T12:01:20.243190,7.0,39.4,341,83,8,0.254,1.387,284
2026-08-30T12:01:24.268328,6.7,39.4,341,83,8,0.0,0.254,284
2026-08-30T12:01:28.294568,6.1,39.5,341,81,8,0.16,0.68,284
2026-08-30T12:01:32.326347,6.7,39.4,341,81,8,0.0,0.336,284
2026-08-30T12:01:36.351628,5.2,39.5,342,77,7,0.0,1.055,285
2026-08-30T12:01:40.376142,7.9,39.5,342,79,7,0.004,0.191,285
2026-08-30T12:01:44.393116,8.1,39.6,342,80,7,0.086,0.633,285
2026-08-30T12:01:48.423457,11.6,40.1,342,79,7,0.512,0.496,285
2026-08-30T12:01:52.461785,17.2,39.4,346,85,9,0.02,0.621,285
2026-08-30T12:01:56.478964,18.1,39.9,346,86,9,0.0,0.859,285
2026-08-30T12:02:00.513130,16.1,40.1,346,86,9,0.18,1.734,285
2026-08-30T12:02:04.545958,13.6,40.4,347,87,9,0.113,3.453,286
2026-08-30T12:02:08.581876,12.3,39.8,347,88,9,0.0,1.285,286
2026-08-30T12:02:12.606190,11.9,39.3,347,85,9,0.0,0.406,286
2026-08-30T12:02:16.640405,11.7,39.2,347,88,9,0.0,0.625,286
2026-08-30T12:02:20.673389,15.9,39.3,347,88,9,0.031,2.418,286
2026-08-30T12:02:24.693064,13.6,39.1,347,86,9,0.0,0.004,286
2026-08-30T12:02:28.726321,12.7,39.0,344,87,9,0.0,0.809,286
2026-08-30T12:02:32.762747,10.6,39.0,344,84,9,0.0,0.902,286
2026-08-30T12:02:36.798270,9.8,38.9,344,85,9,0.0,0.543,286
2026-08-30T12:02:40.831421,11.9,39.0,344,85,9,0.0,0.176,286
2026-08-30T12:02:44.865664,10.6,38.9,344,83,9,0.0,1.02,286
2026-08-30T12:02:48.916244,9.7,39.0,344,84,9,0.0,0.285,286
2026-08-30T12:02:52.943397,12.3,40.0,344,85,9,0.012,1.57,286
2026-08-30T12:02:56.971968,13.5,40.0,344,83,9,0.078,0.0,286
2026-08-30T12:03:01.005452,16.1,39.6,344,84,9,0.0,0.117,286
2026-08-30T12:03:05.041141,11.0,39.4,344,85,9,0.0,0.223,286
2026-08-30T12:03:09.073323,13.4,39.1,344,83,9,0.012,2.801,286
2026-08-30T12:03:13.107923,12.3,39.1,344,85,9,0.0,0.25,286
2026-08-30T12:03:17.141596,11.8,39.1,344,83,9,0.0,0.273,286
2026-08-30T12:03:21.175701,13.4,39.1,344,82,9,0.0,2.242,286
2026-08-30T12:03:25.208553,10.9,39.0,344,83,9,0.0,0.812,286
2026-08-30T12:03:29.249279,10.5,39.0,344,79,9,0.0,0.164,286
2026-08-30T12:03:33.282993,11.8,39.0,344,80,9,0.0,0.117,286
2026-08-30T12:03:37.339343,10.7,39.0,344,81,9,0.0,0.266,286
2026-08-30T12:03:41.372667,10.0,39.0,344,80,9,0.0,0.434,286
2026-08-30T12:03:45.402093,12.5,39.1,344,83,11,0.0,3.789,286
2026-08-30T12:03:49.446776,8.0,39.1,344,82,11,0.0,0.258,286
2026-08-30T12:03:53.481512,10.7,39.1,344,82,10,0.0,1.5,286
2026-08-30T12:03:57.521049,9.7,39.0,344,84,10,0.0,0.371,286
2026-08-30T12:04:01.555563,11.7,39.1,344,82,10,0.0,0.094,286
2026-08-30T12:04:05.585257,11.2,39.0,344,84,10,0.0,1.402,286
2026-08-30T12:04:09.640506,10.0,39.1,344,83,10,0.0,1.688,286
2026-08-30T12:04:13.672727,11.6,39.1,344,83,10,0.0,0.168,286
2026-08-30T12:04:17.703683,8.9,39.0,344,84,10,0.0,0.117,286
2026-08-30T12:04:21.737533,11.7,39.1,343,85,10,0.0,0.105,285
2026-08-30T12:04:25.771049,10.6,39.1,343,84,10,0.0,0.945,285
2026-08-30T12:04:29.801751,8.0,39.1,343,84,10,0.0,0.152,285
2026-08-30T12:04:33.836753,12.0,39.2,343,84,10,0.0,0.203,285
2026-08-30T12:04:37.871187,8.5,39.2,343,84,10,0.008,0.035,285
2026-08-30T12:04:41.905463,10.3,39.1,343,84,10,0.0,0.281,285
2026-08-30T12:04:45.949991,10.6,39.1,343,82,9,0.0,0.562,285
2026-08-30T12:04:49.988945,10.2,39.1,343,83,9,0.0,0.473,285
2026-08-30T12:04:54.024108,10.9,39.2,343,82,9,0.012,2.66,285
2026-08-30T12:04:58.049863,11.7,39.6,346,82,9,0.07,0.18,285
2026-08-30T12:05:02.085474,12.0,39.6,346,84,9,0.0,0.0,285
2026-08-30T12:05:06.119575,10.5,39.5,346,84,9,0.0,0.59,285
2026-08-30T12:05:10.144416,11.2,39.1,346,83,9,0.0,0.441,285
2026-08-30T12:05:14.177837,11.9,39.1,346,82,9,0.0,0.172,285
2026-08-30T12:05:18.209552,9.6,39.1,346,82,9,0.0,0.16,285
2026-08-30T12:05:22.254416,9.8,39.2,346,82,9,0.0,0.094,285
2026-08-30T12:05:26.288192,11.2,39.2,343,83,9,0.0,0.965,285
2026-08-30T12:05:30.321863,8.9,39.1,343,83,9,0.0,0.117,285
2026-08-30T12:05:34.357252,13.2,39.5,343,87,10,0.0,0.062,285
2026-08-30T12:05:38.391764,9.9,39.5,343,87,10,0.0,0.168,285
2026-08-30T12:05:42.426739,11.5,39.5,337,86,10,0.0,0.973,279
2026-08-30T12:05:46.469585,10.7,39.6,337,87,10,0.012,0.371,279
2026-08-30T12:05:50.509660,10.8,39.4,337,89,10,0.0,0.0,279
2026-08-30T12:05:54.551336,9.7,39.5,337,87,10,0.0,1.469,279
2026-08-30T12:05:58.582891,9.3,39.5,337,89,10,0.0,0.184,279
2026-08-30T12:06:02.614730,11.6,39.9,337,86,10,0.0,0.273,279
2026-08-30T12:06:06.644738,13.2,40.0,337,86,10,0.0,0.039,279
2026-08-30T12:06:10.672307,8.3,40.5,337,88,9,0.176,1.156,279
2026-08-30T12:06:14.696740,13.6,40.6,337,88,11,0.23,0.215,279
2026-08-30T12:06:18.726194,15.8,40.3,337,91,12,0.012,0.523,279
2026-08-30T12:06:22.744602,22.4,48.0,338,106,16,32.504,3.57,279
2026-08-30T12:06:26.762919,16.4,51.1,346,109,17,10.688,6.895,285
2026-08-30T12:06:30.801693,13.1,49.7,346,108,17,0.039,0.359,285
2026-08-30T12:06:34.820007,10.0,48.1,345,108,17,2.008,0.227,285
2026-08-30T12:06:38.845784,12.4,47.7,345,104,15,0.0,3.508,285
2026-08-30T12:06:42.874469,11.5,47.0,345,105,15,0.0,13.125,285
2026-08-30T12:06:46.903159,6.5,40.3,344,104,14,0.051,1.211,286
2026-08-30T12:06:50.943347,10.0,35.0,342,103,14,0.0,1.98,285
2026-08-30T12:06:54.964515,12.5,35.6,342,104,15,0.0,1.293,285
2026-08-30T12:06:58.995709,6.5,35.4,342,99,14,0.0,2.422,285
2026-08-30T12:07:03.023720,4.0,35.4,340,99,14,0.0,0.723,283
2026-08-30T12:07:07.052249,4.3,35.4,340,99,14,0.0,0.41,283
2026-08-30T12:07:11.083418,4.7,35.4,340,99,14,0.0,2.074,283
2026-08-30T12:07:15.110141,4.1,35.3,340,99,14,0.0,0.16,283
2026-08-30T12:07:19.138082,5.0,35.2,339,99,14,0.773,3.035,282
2026-08-30T12:07:23.158646,3.6,35.2,339,89,14,0.0,0.152,282
2026-08-30T12:07:27.179290,4.3,35.2,339,87,14,0.0,0.434,282
2026-08-30T12:07:31.199633,4.3,35.2,339,88,14,0.0,0.145,282
2026-08-30T12:07:35.219654,3.9,35.2,339,87,14,0.0,0.168,282
2026-08-30T12:07:39.245332,4.4,35.2,339,87,13,0.0,0.133,282
2026-08-30T12:07:43.272465,4.4,35.2,339,86,13,0.0,2.027,282
2026-08-30T12:07:47.301763,3.5,35.2,339,86,13,0.0,0.117,282
2026-08-30T12:07:51.332269,4.3,35.2,339,87,13,0.0,0.148,282
2026-08-30T12:07:55.359294,4.8,35.2,339,85,13,0.0,0.344,282
2026-08-30T12:07:59.379374,13.6,35.6,340,85,13,0.0,1.016,283
2026-08-30T12:08:03.411962,11.9,35.6,340,87,13,0.0,0.848,283
2026-08-30T12:08:07.445854,9.9,35.5,341,86,13,0.0,0.359,284
2026-08-30T12:08:11.482334,8.8,35.1,341,86,13,0.0,0.137,284
2026-08-30T12:08:15.504587,9.1,35.1,342,86,13,0.0,0.41,285
2026-08-30T12:08:19.534419,8.7,35.1,341,85,13,0.0,0.145,284
2026-08-30T12:08:23.578537,10.6,35.1,341,87,13,0.0,0.035,284
2026-08-30T12:08:27.613273,12.7,35.1,341,88,13,0.0,0.289,284
2026-08-30T12:08:31.647151,9.4,35.1,341,86,13,0.0,0.543,284
2026-08-30T12:08:35.678548,11.8,35.2,341,87,13,0.0,0.0,284
2026-08-30T12:08:39.712685,10.6,35.2,341,86,13,0.0,0.723,284
2026-08-30T12:08:43.752915,11.0,35.2,343,86,13,0.0,0.531,286
2026-08-30T12:08:47.784856,11.1,35.3,343,86,13,0.0,1.504,286
2026-08-30T12:08:51.822566,10.4,35.1,343,85,13,0.0,0.195,286
2026-08-30T12:08:55.855746,12.3,35.1,343,85,13,0.0,0.188,286
2026-08-30T12:08:59.887444,10.4,35.0,343,86,13,0.0,1.23,286
2026-08-30T12:09:03.920695,11.5,35.1,343,85,13,0.0,0.227,286
2026-08-30T12:09:07.953607,10.7,35.1,343,86,12,0.0,0.031,286
2026-08-30T12:09:11.985896,10.9,35.1,343,85,12,0.0,0.246,286
2026-08-30T12:09:16.020905,11.3,35.1,343,86,11,0.0,1.184,286
2026-08-30T12:09:20.043419,10.4,35.0,343,85,11,0.0,0.352,286
2026-08-30T12:09:24.076124,9.5,35.1,343,84,9,0.0,0.066,286
2026-08-30T12:09:28.110388,12.2,35.1,343,84,9,0.0,0.035,286
2026-08-30T12:09:32.142679,9.3,35.1,343,85,8,0.0,0.305,286
2026-08-30T12:09:36.176630,11.6,35.2,343,83,7,0.0,0.117,286
2026-08-30T12:09:40.197806,10.6,35.2,343,83,6,0.0,0.156,286
2026-08-30T12:09:44.231423,10.3,35.2,343,84,6,0.0,0.258,286
2026-08-30T12:09:48.279334,11.8,35.2,343,81,6,0.0,1.008,286
2026-08-30T12:09:52.312258,10.0,35.1,343,84,6,0.0,0.0,286
2026-08-30T12:09:56.344206,10.6,35.2,343,84,6,0.0,0.391,286
2026-08-30T12:10:00.362336,10.8,35.1,343,82,6,0.0,0.941,286
2026-08-30T12:10:04.393490,8.5,35.2,343,84,6,0.0,0.066,286
2026-08-30T12:10:08.424127,11.9,35.3,343,81,6,0.0,0.145,286
2026-08-30T12:10:12.455975,10.0,35.2,343,82,6,0.0,0.0,286
2026-08-30T12:10:16.493035,9.9,35.2,343,82,6,0.0,0.969,286
2026-08-30T12:10:20.527484,7.8,35.2,343,80,6,0.0,0.168,286
2026-08-30T12:10:24.561753,9.5,35.2,344,79,6,0.0,0.0,287
2026-08-30T12:10:28.594309,10.5,35.2,343,80,6,0.0,0.203,286
2026-08-30T12:10:32.622480,9.5,35.1,343,78,6,0.0,0.414,286
2026-08-30T12:10:36.657191,10.5,35.2,343,78,6,0.0,0.145,286
2026-08-30T12:10:40.691021,9.6,35.2,343,79,6,0.0,0.469,286
2026-08-30T12:10:44.727082,10.8,35.2,342,75,6,0.0,0.637,285
2026-08-30T12:10:48.750901,10.3,35.2,343,77,6,0.0,0.398,286
2026-08-30T12:10:52.785053,10.7,35.2,343,75,6,0.0,0.531,286
2026-08-30T12:10:56.817307,11.0,35.3,343,76,6,0.0,0.039,286
2026-08-30T12:11:00.844891,9.8,35.2,343,78,6,0.0,0.105,286
2026-08-30T12:11:04.879357,9.9,35.2,343,78,6,0.0,0.934,286
2026-08-30T12:11:08.933966,12.5,35.3,342,78,6,0.0,0.188,285
2026-08-30T12:11:12.966490,10.6,35.2,342,80,6,0.0,0.234,285
2026-08-30T12:11:17.000301,10.8,35.3,342,79,6,0.0,0.891,285
2026-08-30T12:11:21.037762,9.2,35.2,342,79,6,0.0,0.188,285
2026-08-30T12:11:25.071126,9.2,35.3,342,80,6,0.0,0.102,285
2026-08-30T12:11:29.105504,11.0,35.3,342,78,6,0.0,0.312,285
2026-08-30T12:11:33.139962,8.8,35.2,342,79,6,0.0,0.816,285
2026-08-30T12:11:37.174436,14.0,35.3,342,78,6,0.0,0.148,285
2026-08-30T12:11:41.207582,20.3,35.7,342,78,6,0.0,0.109,285
2026-08-30T12:11:45.234025,13.7,35.7,342,79,6,0.0,0.281,285
2026-08-30T12:11:49.258597,6.0,35.8,341,79,6,0.0,0.477,284
2026-08-30T12:11:53.291107,5.4,35.9,343,79,6,0.035,0.184,286
2026-08-30T12:11:57.318337,7.8,36.1,343,81,6,0.0,0.758,286
2026-08-30T12:12:01.347662,10.5,35.7,347,80,6,0.0,0.539,287
2026-08-30T12:12:05.376568,15.1,36.4,345,83,6,0.0,1.926,285
2026-08-30T12:12:09.401661,7.5,36.4,345,82,6,0.0,2.652,285
2026-08-30T12:12:13.434290,6.6,36.1,345,80,6,0.0,0.309,285
2026-08-30T12:12:17.461654,4.7,36.1,345,82,6,0.0,0.723,285
2026-08-30T12:12:21.496021,13.5,36.7,345,81,7,0.0,1.277,285
2026-08-30T12:12:25.522342,10.8,36.0,345,84,8,0.0,0.727,285
2026-08-30T12:12:29.542949,12.8,35.8,346,86,8,0.0,0.508,286
2026-08-30T12:12:33.573498,6.1,35.6,342,84,8,0.0,1.684,285
2026-08-30T12:12:37.604116,6.5,35.7,342,84,8,0.0,0.922,285
2026-08-30T12:12:41.630402,5.4,35.7,343,82,8,0.0,0.492,286
2026-08-30T12:12:45.660097,5.8,35.7,343,81,8,0.0,0.504,286
2026-08-30T12:12:49.689774,5.4,35.7,343,83,8,0.0,2.762,286
2026-08-30T12:12:53.715134,5.4,35.7,343,84,8,0.0,0.684,286
2026-08-30T12:12:57.750680,6.3,35.7,343,82,11,0.016,3.609,286
2026-08-30T12:13:01.770389,4.5,35.7,344,83,11,0.0,0.277,287
2026-08-30T12:13:05.796211,6.2,35.8,342,84,11,0.0,2.102,285
2026-08-30T12:13:09.824886,6.2,35.6,342,83,11,0.0,0.898,285
2026-08-30T12:13:13.856090,6.4,35.6,342,84,11,0.0,0.473,285
2026-08-30T12:13:17.883615,6.2,35.6,342,82,11,0.0,0.066,285
2026-08-30T12:13:21.909708,4.3,35.5,342,84,11,0.0,0.383,285
2026-08-30T12:13:25.936386,6.4,35.6,342,84,11,0.0,0.648,285
2026-08-30T12:13:29.952839,16.2,36.9,342,84,12,0.0,6.797,285
2026-08-30T12:13:33.980863,7.0,37.6,342,85,12,0.0,13.5,285
2026-08-30T12:13:38.008403,12.0,37.2,342,87,12,0.0,1.5,285
2026-08-30T12:13:42.024704,13.7,37.4,342,87,12,0.0,1.168,285
2026-08-30T12:13:46.042034,11.9,37.3,342,87,13,0.066,4.164,285
2026-08-30T12:13:50.075079,14.9,37.3,342,89,13,0.0,0.395,285
2026-08-30T12:13:54.106833,7.5,37.3,340,88,13,0.0,0.629,283
2026-08-30T12:13:58.145596,8.4,37.3,340,88,13,0.0,1.262,283
2026-08-30T12:14:02.174184,9.2,37.2,340,86,13,0.0,0.0,283
2026-08-30T12:14:06.201514,7.3,37.2,340,88,13,0.0,4.012,283
2026-08-30T12:14:10.235518,10.3,37.2,340,87,13,0.0,0.148,283
2026-08-30T12:14:14.256994,13.1,37.1,340,85,13,0.0,0.172,283
2026-08-30T12:14:18.282142,6.7,37.2,340,88,13,0.0,0.207,283
2026-08-30T12:14:22.312404,13.4,37.2,340,88,13,0.0,0.746,283
2026-08-30T12:14:26.342847,5.5,37.7,340,87,13,0.0,23.281,283
2026-08-30T12:14:30.375256,14.8,36.6,340,87,13,0.0,0.32,283
2026-08-30T12:14:34.406346,12.1,36.5,341,87,13,0.0,0.234,284
2026-08-30T12:14:38.425070,15.7,36.4,345,85,13,0.0,0.957,285
2026-09-04T10:27:39.217982,13.1,32.5,338,111,8,0,0,284
2026-09-04T10:27:43.251712,6.1,32.6,338,109,8,0.008,0.453,284
2026-09-04T10:27:47.281931,13.9,32.6,338,108,8,0.613,1.125,284
2026-09-04T10:27:51.310317,5.5,32.2,338,108,8,2.0,0.516,284
2026-09-04T10:27:55.329152,5.3,32.2,338,110,8,0.0,0.234,284
2026-09-04T10:27:59.349401,6.6,32.0,339,108,8,3.324,0.348,285
2026-09-04T10:28:03.379353,6.9,32.5,339,109,8,0.07,17.191,285
2026-09-04T10:28:07.399013,6.1,32.4,339,107,8,0.871,0.594,285
2026-09-04T10:28:11.424346,6.1,32.3,339,107,8,0.0,0.766,285
2026-09-04T10:28:15.449774,9.7,32.3,339,107,8,0.0,0.293,285
2026-09-04T10:28:19.474769,8.0,32.2,339,106,8,0.0,0.582,285
2026-09-04T10:28:23.489066,12.9,32.4,339,106,8,0.074,7.016,285
2026-09-04T10:28:27.515788,5.8,32.6,338,110,9,0.0,1.426,284
2026-09-04T10:28:31.540567,4.8,32.6,338,107,9,0.0,0.125,284
2026-09-04T10:28:35.566135,10.4,31.9,336,108,9,0.0,9.355,282
2026-09-04T10:28:39.592859,12.3,32.1,336,110,9,0.0,7.816,282
2026-09-04T10:28:43.608920,7.5,32.1,336,107,9,51.004,0.938,282
2026-09-04T10:28:47.633293,8.5,32.7,336,110,9,0.352,2.41,282
2026-09-04T10:28:51.668510,10.4,32.7,335,111,10,0.0,2.832,281
2026-09-04T10:28:55.692412,5.5,32.6,335,109,10,0.0,0.172,281
2026-09-04T10:28:59.718125,6.1,32.2,335,112,10,0.109,0.48,281
2026-09-04T10:29:03.749405,5.8,32.1,335,109,10,0.0,15.188,281
2026-09-04T10:29:07.777225,15.1,32.1,335,109,10,0.059,0.641,281
2026-09-04T10:29:11.795560,5.2,32.4,335,109,9,0.0,0.285,281
2026-09-04T10:29:15.815042,5.6,32.2,337,106,9,1.34,0.574,283
2026-09-04T10:29:19.834011,6.6,32.2,335,106,7,0.0,1.66,281
2026-09-04T10:29:23.858385,4.7,32.2,335,109,7,0.0,0.23,281
2026-09-04T10:29:27.876744,4.9,32.1,335,107,7,0.0,0.332,281
2026-09-04T10:29:31.893072,12.0,32.5,332,109,7,0.199,0.977,278
2026-09-04T10:29:35.918259,6.1,32.1,330,114,8,0.0,9.551,276
2026-09-04T10:29:39.948662,5.9,32.2,330,111,8,0.988,0.516,276
2026-09-04T10:29:43.975649,5.5,32.1,330,114,8,0.0,0.0,276
2026-09-04T10:29:47.996620,9.4,32.0,330,114,8,0.367,0.391,276
2026-09-04T10:29:52.021576,6.6,32.2,330,115,10,0.992,2.645,276
2026-09-04T10:29:56.039336,16.2,34.1,332,124,14,19.445,8.121,276
2026-09-04T10:30:00.065842,7.0,33.7,332,122,15,2.312,1.699,276
2026-09-04T10:30:04.091502,5.9,33.0,334,122,15,0.0,0.73,278
2026-09-04T10:30:08.119731,11.9,33.2,335,123,16,0.023,17.512,276
2026-09-04T10:30:12.143637,6.9,32.9,332,121,16,0.004,0.438,273
2026-09-04T10:30:16.160329,15.6,33.5,332,124,16,0.039,0.871,273
2026-09-04T10:30:20.186597,12.4,33.4,332,125,16,0.375,0.457,273
2026-09-04T10:30:24.213867,11.4,33.1,332,119,16,0.0,19.707,273
2026-09-04T10:30:28.228939,14.0,33.2,332,121,16,0.379,0.543,273
2026-09-04T10:30:32.256677,15.2,33.0,332,121,16,0.0,0.262,273
2026-09-04T10:30:36.288107,12.9,33.0,329,114,15,0.043,18.164,274
2026-09-04T10:30:40.318820,15.8,33.5,330,118,15,0.0,0.484,275
2026-09-04T10:30:44.352979,13.9,33.5,330,115,15,0.0,0.629,275
2026-09-04T10:30:48.380204,11.0,33.2,330,116,15,0.0,0.039,275
2026-09-04T10:30:52.405797,5.3,33.2,328,116,15,0.004,1.031,273
2026-09-04T10:30:56.424194,3.9,33.3,328,115,15,0.0,2.293,273
2026-09-04T10:31:00.448302,6.2,33.2,328,117,15,0.0,0.59,273
2026-09-04T10:31:04.475792,4.9,32.8,329,117,15,0.027,0.176,274
2026-09-04T10:31:08.527238,13.1,32.8,329,115,15,0.0,17.262,274
2026-09-04T10:31:12.546002,4.1,32.6,329,117,15,0.0,0.539,274
2026-09-04T10:31:16.560210,7.3,32.7,329,116,14,0.0,0.262,274
2026-09-04T10:31:20.586041,3.0,32.7,329,113,14,0.0,0.039,274
2026-09-04T10:31:24.615354,12.2,33.5,329,115,14,0.043,1.203,274
2026-09-04T10:31:28.641169,4.7,33.3,329,113,14,0.375,0.945,274
2026-09-04T10:31:32.658785,12.2,33.9,330,116,14,2.953,2.059,275
2026-09-04T10:31:36.684459,7.1,33.7,330,118,14,0.0,0.434,275
2026-09-04T10:31:40.716751,15.0,34.2,330,113,14,0.004,9.473,275
2026-09-04T10:31:44.735482,26.8,41.7,330,115,14,2.984,0.0,275
2026-09-04T10:31:48.764303,6.5,36.2,330,116,14,1.789,1.043,275
2026-09-04T10:31:52.792963,7.4,35.6,330,113,14,0.004,20.047,275
2026-09-04T10:31:56.819907,7.1,35.2,330,116,14,0.0,0.191,275
2026-09-04T10:32:00.846406,6.6,34.7,330,117,14,0.148,0.043,275
2026-09-04T10:32:04.863403,8.7,34.1,330,112,14,0.0,6.75,275
2026-09-04T10:32:08.877481,18.6,34.3,330,114,14,0.004,14.699,275
2026-09-04T10:32:12.902129,7.9,34.2,330,114,14,0.207,0.547,275
2026-09-04T10:32:16.927564,5.7,34.0,330,111,14,0.129,0.367,275
2026-09-04T10:32:20.953266,4.6,34.1,330,114,14,0.434,6.77,275
2026-09-04T10:32:24.981971,6.2,34.0,330,115,13,0.0,1.094,275
2026-09-04T10:32:29.008029,9.7,34.0,330,115,13,0.0,0.359,275
2026-09-04T10:32:33.026090,5.4,34.3,330,115,13,0.027,0.0,275
2026-09-04T10:32:37.041302,4.2,34.2,330,110,13,0.0,6.812,275
2026-09-04T10:32:41.066777,7.0,34.2,330,108,10,0.0,11.504,275
2026-09-04T10:32:45.092880,5.2,34.2,330,108,10,0.0,0.199,275
2026-09-04T10:32:49.113323,4.5,34.2,330,105,8,0.652,0.195,275
2026-09-04T10:32:53.128781,13.0,34.2,330,106,7,0.07,0.152,275
2026-09-04T10:32:57.154177,4.3,34.2,330,107,7,0.0,24.711,275
2026-09-04T10:33:01.168514,7.2,34.3,330,107,7,0.246,0.246,275
2026-09-04T10:33:05.186672,9.2,34.1,330,110,7,0.0,0.336,275
2026-09-04T10:33:09.215938,5.2,33.8,329,112,7,0.0,0.277,274
2026-09-04T10:33:13.244660,4.1,33.8,329,111,7,0.0,9.457,274
2026-09-04T10:33:17.263306,5.4,34.0,329,112,7,0.035,0.078,274
2026-09-04T10:33:21.288588,5.4,34.0,329,111,7,0.316,0.262,274
2026-09-04T10:33:25.308231,6.7,34.0,329,110,8,0.0,2.68,274
2026-09-04T10:33:29.334216,10.7,34.1,329,109,7,0.0,0.648,274
2026-09-04T10:33:33.353062,5.2,34.1,329,113,10,0.0,0.852,274
2026-09-04T10:33:37.367253,7.1,34.1,329,114,10,0.047,0.375,274
2026-09-04T10:33:41.385444,5.3,34.4,329,115,10,0.0,8.945,274
2026-09-04T10:33:45.403861,4.7,34.3,329,114,10,0.0,0.262,274
2026-09-04T10:33:49.423284,3.7,34.2,329,113,10,0.84,0.164,274
2026-09-04T10:33:53.448108,4.3,34.1,329,115,12,0.0,0.258,274
2026-09-04T10:33:57.474251,4.2,34.1,329,111,10,0.0,1.52,274
2026-09-04T10:34:01.499558,3.6,34.4,329,113,10,1.551,0.031,274
2026-09-04T10:34:05.522971,6.8,34.2,329,112,10,0.055,0.43,274
2026-09-04T10:34:09.542029,4.3,34.2,329,111,10,1.5,0.27,274
2026-09-04T10:34:13.567221,3.4,33.9,329,111,10,0.148,16.332,274
2026-09-04T10:34:17.586533,4.3,33.9,329,112,10,0.0,0.254,274
2026-09-04T10:34:21.601115,8.8,33.9,329,112,10,0.094,0.035,274
2026-09-04T10:34:25.619649,6.4,34.0,329,114,10,0.0,0.16,274
2026-09-04T10:34:29.643709,4.4,34.0,329,111,10,0.0,4.277,274
2026-09-04T10:34:33.673382,4.8,34.0,329,112,9,0.0,0.41,274
2026-09-04T10:34:37.700066,3.4,34.0,329,112,10,0.0,0.188,274
2026-09-04T10:34:41.719302,5.0,34.0,329,111,10,0.0,9.242,274
2026-09-04T10:34:45.744202,4.8,34.2,329,112,10,0.0,0.199,274
2026-09-04T10:34:49.770045,3.1,34.1,329,113,10,0.0,0.223,274
2026-09-04T10:34:53.796599,5.1,34.1,329,114,10,0.301,0.312,274
2026-09-04T10:34:57.820076,4.6,34.1,329,115,10,0.0,0.297,274
2026-09-04T10:35:01.846742,3.5,34.1,329,115,10,0.0,0.035,274
2026-09-04T10:35:05.861096,9.0,34.1,329,115,10,0.094,0.184,274
2026-09-04T10:35:09.882741,4.9,34.0,329,114,10,0.0,0.414,274
2026-09-04T10:35:13.902290,3.0,33.8,329,116,10,0.0,12.25,274
2026-09-04T10:35:17.927301,4.2,33.8,329,115,10,0.0,0.168,274
2026-09-04T10:35:21.946977,5.1,33.8,329,114,10,0.004,0.16,274
2026-09-04T10:35:25.971120,3.3,33.8,329,113,10,0.0,0.0,274
2026-09-04T10:35:29.995244,7.8,33.9,329,112,10,0.0,1.215,274
2026-09-04T10:35:34.025674,4.1,33.9,329,114,10,0.0,0.312,274
2026-09-04T10:35:38.040631,3.2,33.9,328,111,10,0.0,0.176,273
2026-09-04T10:35:42.058812,4.2,33.9,328,112,10,0.0,0.0,273
2026-09-04T10:35:46.083503,4.2,33.9,328,111,10,0.0,7.559,273
2026-09-04T10:35:50.097826,6.8,34.1,328,109,10,0.0,0.141,273
2026-09-04T10:35:54.124421,3.6,34.1,327,111,10,0.0,0.004,272
2026-09-04T10:35:58.151143,4.6,34.1,328,111,10,0.0,0.211,273
2026-09-04T10:36:02.178187,3.1,34.1,328,110,10,0.0,0.695,273
2026-09-04T10:36:06.203659,3.7,34.1,328,110,10,0.0,0.23,273
2026-09-04T10:36:10.228459,4.6,33.9,328,111,10,0.0,0.176,273
2026-09-04T10:36:14.246602,3.2,34.0,328,110,10,0.129,7.605,273
2026-09-04T10:36:18.273045,4.0,33.9,328,108,8,0.0,0.27,273
2026-09-04T10:36:22.298792,4.8,33.8,328,107,6,0.0,0.301,273
2026-09-04T10:36:26.318382,3.0,33.8,328,107,6,0.0,0.0,273
2026-09-04T10:36:30.343271,5.1,33.9,328,107,6,10.391,9.762,273
2026-09-04T10:36:34.357733,10.3,34.0,327,106,6,0.0,0.008,272
2026-09-04T10:36:38.390603,3.2,34.0,327,107,6,0.0,0.18,272
2026-09-04T10:36:42.409489,3.7,33.9,327,108,6,0.0,0.352,272
2026-09-04T10:36:46.439316,5.0,33.9,327,107,6,0.0,11.07,272
2026-09-04T10:36:50.458220,3.5,33.9,327,108,6,0.43,0.207,272
2026-09-04T10:36:54.484173,4.0,33.9,327,109,6,0.0,0.0,272
2026-09-04T10:36:58.502666,5.1,34.1,327,108,6,0.0,0.254,272
2026-09-04T10:37:02.521715,3.7,34.1,327,108,6,0.0,1.477,272
2026-09-04T10:37:06.551330,4.0,34.1,327,109,6,0.0,0.387,272
2026-09-04T10:37:10.577712,5.1,33.8,327,108,6,0.0,0.047,272
2026-09-04T10:37:14.604199,2.9,33.7,327,108,6,0.0,0.148,272
2026-09-04T10:37:18.618538,10.0,33.7,327,108,6,0.0,7.559,272
2026-09-04T10:37:22.643366,4.2,33.7,327,109,6,0.0,0.137,272
2026-09-04T10:37:26.662674,3.4,33.7,327,109,6,0.0,0.426,272
2026-09-04T10:37:30.688786,4.0,33.7,327,109,6,0.0,0.246,272
2026-09-04T10:37:34.713797,5.5,33.7,327,107,5,0.0,0.336,272
2026-09-04T10:37:38.742887,4.3,33.7,327,109,5,0.0,0.125,272
2026-09-04T10:37:42.761892,3.8,34.1,327,107,5,0.008,0.133,272
2026-09-04T10:37:46.791086,5.0,34.1,327,108,5,0.0,13.305,272
2026-09-04T10:37:50.817041,3.6,34.1,327,108,5,0.258,0.043,272
2026-09-04T10:37:54.836785,4.4,34.1,327,107,5,0.0,0.441,272
2026-09-04T10:37:58.863264,6.3,34.1,327,108,5,0.0,0.148,272
2026-09-04T10:38:02.878535,4.7,34.1,327,109,5,0.0,0.469,272
2026-09-04T10:38:06.907597,3.8,34.7,327,108,5,0.016,0.379,272
2026-09-04T10:38:10.939339,4.7,34.3,327,109,5,0.461,0.375,272
2026-09-04T10:38:14.965104,5.0,33.8,327,107,5,0.0,0.129,272
2026-09-04T10:38:18.993921,3.2,33.7,327,109,5,0.0,10.254,272
2026-09-04T10:38:23.018096,4.1,33.7,327,109,5,0.0,0.172,272
2026-09-04T10:38:27.039542,4.5,33.9,327,108,5,1.078,1.246,272
2026-09-04T10:38:31.059725,4.2,33.9,327,107,5,0.0,0.383,272
2026-09-04T10:38:35.085291,4.8,33.9,327,108,5,0.004,0.211,272
2026-09-04T10:38:39.114599,7.9,33.6,327,108,5,0.0,0.137,272
2026-09-04T10:38:43.138948,4.5,33.6,327,108,5,0.0,0.359,272
2026-09-04T10:38:47.153391,10.4,33.7,327,109,5,0.0,0.086,272
2026-09-04T10:38:51.179672,4.5,33.7,327,108,5,0.0,7.078,272
2026-09-04T10:38:55.203864,4.1,33.7,327,108,5,0.0,0.34,272
2026-09-04T10:38:59.229899,4.2,33.7,327,108,5,0.0,0.316,272
2026-09-04T10:39:03.255183,4.0,33.7,327,106,5,0.0,0.082,272
2026-09-04T10:39:07.284844,3.6,33.7,327,106,5,0.0,0.359,272
2026-09-04T10:39:11.316067,3.7,33.7,327,105,5,0.098,0.027,272
2026-09-04T10:39:15.334899,4.1,33.6,327,108,7,0.0,0.438,272
2026-09-04T10:39:19.359036,5.4,33.6,327,106,5,0.0,7.773,272
2026-09-04T10:39:23.383072,3.4,33.6,327,105,5,0.0,0.004,272
2026-09-04T10:39:27.408711,4.3,33.6,327,106,5,0.0,0.09,272
2026-09-04T10:39:31.426202,9.2,33.7,327,106,5,0.0,0.164,272
2026-09-04T10:39:35.445466,4.5,33.7,327,106,5,0.0,0.141,272
2026-09-04T10:39:39.471006,4.2,33.7,327,106,5,0.0,0.246,272
2026-09-04T10:39:43.496694,3.3,33.7,327,107,5,0.0,0.141,272
2026-09-04T10:39:47.516367,3.8,33.7,327,106,5,0.0,0.074,272
2026-09-04T10:39:51.542327,4.2,33.7,327,106,5,0.0,5.488,272
2026-09-04T10:39:55.566028,4.5,33.8,327,107,5,0.0,0.184,272
2026-09-04T10:39:59.592336,3.9,33.8,327,106,5,0.0,0.293,272
2026-09-04T10:40:03.622941,5.1,33.8,327,107,5,0.0,0.0,272
2026-09-04T10:40:07.642528,4.8,33.8,327,107,5,0.0,0.754,272
